{"cameraMode":{"drawMode":0,"name":"Shaded","section":"Shading Mode"},"sceneLighting":true,"audioPlay":false,"sceneViewState":{"m_AlwaysRefresh":false,"showFog":true,"showSkybox":true,"showFlares":true,"showImageEffects":true,"showParticleSystems":true,"showVisualEffectGraphs":true,"m_FxEnabled":true},"in2DMode":false,"pivot":{"x":9.530997276306153,"y":3.726311445236206,"z":3.315317153930664},"rotation":{"x":0.19149497151374818,"y":-0.16130885481834413,"z":0.03111470490694046,"w":0.9678159356117249},"size":3.3253772258758547,"orthographic":false}