{"cameraMode":{"drawMode":0,"name":"Shaded","section":"Shading Mode"},"sceneLighting":true,"audioPlay":false,"sceneViewState":{"m_AlwaysRefresh":false,"showFog":true,"showSkybox":true,"showFlares":true,"showImageEffects":true,"showParticleSystems":true,"showVisualEffectGraphs":true,"m_FxEnabled":true},"in2DMode":false,"pivot":{"x":7.0197577476501469,"y":1.0599795579910279,"z":0.6629115343093872},"rotation":{"x":0.0046529509127140049,"y":-0.24997231364250184,"z":0.0008357270271517336,"w":0.9684563875198364},"size":0.7882749438285828,"orthographic":false}