{"cameraMode":{"drawMode":0,"name":"Shaded","section":"Shading Mode"},"sceneLighting":true,"audioPlay":false,"sceneViewState":{"m_AlwaysRefresh":false,"showFog":true,"showSkybox":true,"showFlares":true,"showImageEffects":true,"showParticleSystems":true,"showVisualEffectGraphs":true,"m_FxEnabled":true},"in2DMode":false,"pivot":{"x":7.316644668579102,"y":0.6978234052658081,"z":2.3856546878814699},"rotation":{"x":0.1694290041923523,"y":-0.0016794345574453474,"z":0.000058566485677147284,"w":0.9857567548751831},"size":1.0976974964141846,"orthographic":false}