{"cameraMode":{"drawMode":0,"name":"Shaded","section":"Shading Mode"},"sceneLighting":true,"audioPlay":false,"sceneViewState":{"m_AlwaysRefresh":false,"showFog":true,"showSkybox":true,"showFlares":true,"showImageEffects":true,"showParticleSystems":true,"showVisualEffectGraphs":true,"m_FxEnabled":true},"in2DMode":false,"pivot":{"x":4.288573265075684,"y":-0.4014420509338379,"z":0.5312364101409912},"rotation":{"x":-0.04692411050200462,"y":-0.11992612481117249,"z":0.005949817132204771,"w":-0.9917818307876587},"size":0.7126180529594421,"orthographic":false}