{"cameraMode":{"drawMode":0,"name":"Shaded","section":"Shading Mode"},"sceneLighting":true,"audioPlay":false,"sceneViewState":{"m_AlwaysRefresh":false,"showFog":true,"showSkybox":true,"showFlares":true,"showImageEffects":true,"showParticleSystems":true,"showVisualEffectGraphs":true,"m_FxEnabled":true},"in2DMode":false,"pivot":{"x":6.552033424377441,"y":0.0907636284828186,"z":-3.766751527786255},"rotation":{"x":0.15053077042102815,"y":-0.22790275514125825,"z":0.035345256328582767,"w":0.961552083492279},"size":1.440793752670288,"orthographic":false}