{"cameraMode":{"drawMode":0,"name":"Shaded","section":"Shading Mode"},"sceneLighting":false,"audioPlay":false,"sceneViewState":{"m_AlwaysRefresh":false,"showFog":true,"showSkybox":false,"showFlares":true,"showImageEffects":true,"showParticleSystems":true,"showVisualEffectGraphs":true,"m_FxEnabled":true},"in2DMode":false,"pivot":{"x":0.8902715444564819,"y":-0.46631306409835818,"z":2.278388023376465},"rotation":{"x":-0.046465057879686359,"y":0.5838164687156677,"z":-0.03349398449063301,"w":-0.8098734021186829},"size":2.0364997386932375,"orthographic":false}