{"cameraMode":{"drawMode":0,"name":"Shaded","section":"Shading Mode"},"sceneLighting":true,"audioPlay":false,"sceneViewState":{"m_AlwaysRefresh":false,"showFog":true,"showSkybox":true,"showFlares":true,"showImageEffects":true,"showParticleSystems":true,"showVisualEffectGraphs":true,"m_FxEnabled":true},"in2DMode":false,"pivot":{"x":-0.6736997365951538,"y":0.9300000667572022,"z":-3.6700000762939455},"rotation":{"x":-0.4155011773109436,"y":0.2630751132965088,"z":-0.12673284113407136,"w":-0.8615918755531311},"size":1.1660256385803223,"orthographic":false}