{"cameraMode":{"drawMode":0,"name":"Shaded","section":"Shading Mode"},"sceneLighting":true,"audioPlay":false,"sceneViewState":{"m_AlwaysRefresh":false,"showFog":true,"showSkybox":true,"showFlares":true,"showImageEffects":true,"showParticleSystems":true,"showVisualEffectGraphs":true,"m_FxEnabled":true},"in2DMode":false,"pivot":{"x":20.379545211791993,"y":7.06938362121582,"z":-25.877338409423829},"rotation":{"x":0.13188263773918153,"y":0.02526829205453396,"z":-0.0033613441046327354,"w":0.9909505844116211},"size":6.892632961273193,"orthographic":false}