{"cameraMode":{"drawMode":0,"name":"Shaded","section":"Shading Mode"},"sceneLighting":true,"audioPlay":false,"sceneViewState":{"m_AlwaysRefresh":false,"showFog":true,"showSkybox":true,"showFlares":true,"showImageEffects":true,"showParticleSystems":true,"showVisualEffectGraphs":true,"m_FxEnabled":true},"in2DMode":false,"pivot":{"x":1.5499999523162842,"y":0.9499696493148804,"z":-1.6399999856948853},"rotation":{"x":-0.03929806128144264,"y":0.9373980164527893,"z":-0.3272724449634552,"w":-0.11257405579090119},"size":1.7598075866699219,"orthographic":false}