{"cameraMode":{"drawMode":0,"name":"Shaded","section":"Shading Mode"},"sceneLighting":true,"audioPlay":false,"sceneViewState":{"m_AlwaysRefresh":false,"showFog":true,"showSkybox":true,"showFlares":true,"showImageEffects":true,"showParticleSystems":true,"showVisualEffectGraphs":true,"m_FxEnabled":true},"in2DMode":false,"pivot":{"x":0.8972414135932922,"y":0.9499696493148804,"z":1.365622639656067},"rotation":{"x":0.19000573456287385,"y":0.24148327112197877,"z":-0.04826221987605095,"w":0.9504361152648926},"size":3.024744987487793,"orthographic":false}