{"cameraMode":{"drawMode":0,"name":"Shaded","section":"Shading Mode"},"sceneLighting":true,"audioPlay":false,"sceneViewState":{"m_AlwaysRefresh":false,"showFog":true,"showSkybox":true,"showFlares":true,"showImageEffects":true,"showParticleSystems":true,"showVisualEffectGraphs":true,"m_FxEnabled":true},"in2DMode":false,"pivot":{"x":-0.06801837682723999,"y":-0.25967365503311159,"z":-0.7609999775886536},"rotation":{"x":0.4620364308357239,"y":0.43534958362579348,"z":-0.2793591320514679,"w":0.7204652428627014},"size":0.2440001219511032,"orthographic":false}