{"cameraMode":{"drawMode":0,"name":"Shaded","section":"Shading Mode"},"sceneLighting":true,"audioPlay":false,"sceneViewState":{"m_AlwaysRefresh":false,"showFog":true,"showSkybox":true,"showFlares":true,"showImageEffects":true,"showParticleSystems":true,"showVisualEffectGraphs":true,"m_FxEnabled":true},"in2DMode":false,"pivot":{"x":0.8700075149536133,"y":-0.48502278327941897,"z":-0.30292755365371706},"rotation":{"x":0.22830019891262055,"y":0.1538667380809784,"z":-0.03654615208506584,"w":0.9606959819793701},"size":4.734511852264404,"orthographic":false}