{"cameraMode":{"drawMode":0,"name":"Shaded","section":"Shading Mode"},"sceneLighting":false,"audioPlay":false,"sceneViewState":{"m_AlwaysRefresh":false,"showFog":true,"showSkybox":false,"showFlares":true,"showImageEffects":true,"showParticleSystems":true,"showVisualEffectGraphs":true,"m_FxEnabled":true},"in2DMode":false,"pivot":{"x":8.979999542236329,"y":1.6820001602172852,"z":2.0799999237060549},"rotation":{"x":-0.017783863469958307,"y":-0.9707573056221008,"z":0.22754143178462983,"w":-0.07728948444128037},"size":12.12435531616211,"orthographic":false}