{"cameraMode":{"drawMode":0,"name":"Shaded","section":"Shading Mode"},"sceneLighting":false,"audioPlay":false,"sceneViewState":{"m_AlwaysRefresh":false,"showFog":true,"showSkybox":false,"showFlares":true,"showImageEffects":true,"showParticleSystems":true,"showVisualEffectGraphs":true,"m_FxEnabled":true},"in2DMode":false,"pivot":{"x":16.73787498474121,"y":1.7841839790344239,"z":-6.0785346031188969},"rotation":{"x":-0.05085795372724533,"y":0.9058443307876587,"z":-0.11190435290336609,"w":-0.40576067566871645},"size":0.7995697259902954,"orthographic":false}