{"cameraMode":{"drawMode":0,"name":"Shaded","section":"Shading Mode"},"sceneLighting":false,"audioPlay":false,"sceneViewState":{"m_AlwaysRefresh":false,"showFog":true,"showSkybox":false,"showFlares":true,"showImageEffects":true,"showParticleSystems":true,"showVisualEffectGraphs":true,"m_FxEnabled":true},"in2DMode":false,"pivot":{"x":20.939571380615236,"y":0.08004952222108841,"z":3.3990845680236818},"rotation":{"x":0.09475676715373993,"y":-0.5599892139434815,"z":0.06425278633832932,"w":0.8208121061325073},"size":1.1937105655670167,"orthographic":false}