{"cameraMode":{"drawMode":0,"name":"Shaded","section":"Shading Mode"},"sceneLighting":false,"audioPlay":false,"sceneViewState":{"m_AlwaysRefresh":false,"showFog":true,"showSkybox":false,"showFlares":true,"showImageEffects":true,"showParticleSystems":true,"showVisualEffectGraphs":true,"m_FxEnabled":true},"in2DMode":false,"pivot":{"x":6.728797912597656,"y":0.502824604511261,"z":2.683967113494873},"rotation":{"x":0.0786433070898056,"y":-0.016635023057460786,"z":0.0010341168381273747,"w":0.9969861507415772},"size":0.5137647390365601,"orthographic":false}